COD_DEP,NUM_OBRAS_ASSOCIADAS,OBRAS_EXECUTADAS,SOMA_PRIORIDADES_EXECUTADAS,SOMA_PRIORIDADES_ASSOCIADAS
3129,235,118.0,7334.422999999999,11867.500000000002
3058,206,124.0,7594.878199999999,10403.000000000005
3297,151,45.0,2830.86,7625.499999999999
